[Header],,,,
Job_Number,SAGCQA0852_0932_2,,,
Date,2/12/2024,,,
MGI_Flowcell,E200030998,,,
[Reads],,,,
Read1_Cycles,50,,,
Read2_Cycles,100,,,
Barcode_Cycles,10,,,
DualBarcode_Cycles,0,,,
[Data],,,,
Sample_ID,Sample_Name,Index_ID,index,index2
24-06657,D04319C6,57-64,ATTCAACGGA,
,,,AACTGTACTG,
,,,GTACCTCAAT,
,,,GACTTCTAAT,
,,,TGAAGCGTTG,
,,,CGTGCGATCC,
,,,TCGGAAGGCA,
,,,CCGATGTCGC,
24-06658,C04597D6,81-88,ATACTCACGC,
,,,ATGCTCCGCG,
,,,TGTGAACTTG,
,,,GAGAGGTGCT,
,,,TGCACTGTAA,
,,,GCCTAGGCAA,
,,,CCATCATAGC,
,,,CATGGTAATT,
24-06592,B03621C3,89-96,CACCATGTCT,
,,,ATATGTCTGG,
,,,AAGGAAGCGT,
,,,TCAAGACGTC,
,,,CCGCTCAGTA,
,,,GGTGTGTACA,
,,,TTCACGTAAG,
,,,GGTTCCACAC,
24-06593,B03621G1,97-104,AGGTATTCTT,
,,,CGAATGCAAC,
,,,TTCAACGGCG,
,,,CTCGGCGGAA,
,,,ACGGTAATGG,
,,,GATCCGACGT,
,,,TCACGATACA,
,,,GATTCTCTTC,
